arm,noise,A3_rate,A3_mean,T_P1,T_base,delta_T_P1,mean_Gamma3,corr_Gamma_f3
S1,0.0,0.2625,0.22771534178682662,183.63116119472258,180.01130921079454,3.6198519839280436,2.0023038875258186,0.9843410309879279
S1,0.05,0.2375,0.2186384189016141,182.1889687275064,180.01057153933294,2.1783971881734487,1.9838289445646486,0.9823888182855788
S1,0.1,0.24,0.21743321814039526,182.45153842018377,180.01043371515362,2.441104705030142,1.8532127737206656,0.9785588443775408
S1,0.15,0.2225,0.2039804111393011,181.8978381053768,180.01159677705436,1.886241328322427,1.75303913740663,0.9784867717048585
S2_chaos,0.0,0.1625,0.18906386135846026,0.016787383952125354,0.01676177225680179,2.5611695323564387e-05,1.3210728856784884,0.8078621969292723
S2_chaos,0.05,0.1575,0.19099856111491545,0.016917873870705438,0.016408482939311585,0.0005093909313938529,1.322867783356311,0.8116717359004176
S2_chaos,0.1,0.1725,0.18818555719844704,0.01674529415335545,0.016719730553818847,2.556359953660367e-05,1.3187770681672117,0.8107828615624532
S2_chaos,0.15,0.1825,0.20956608689856474,0.016334511170976066,0.01630475555615631,2.975561481975697e-05,1.3642412584082984,0.8091501722992872
S0,0.0,0.0,0.010472029954215948,372.5752419266643,370.132664042825,2.4425778838393057,1.0102637866394373,0.06030980932315397
S0,0.05,0.0,0.00919686125028504,371.59545947796704,369.63346068283715,1.9619987951298867,1.0090389583353063,0.0857938283857545
S0,0.1,0.0025,0.00922831569305662,370.1996002493144,368.63269143228644,1.5669088170279792,1.0091165486931108,0.06451924587360035
S0,0.15,0.0025,0.010650303548120785,373.65420595073084,371.1381051021041,2.5161008486267633,1.0108336491104446,0.06447553424911186
