record,city,kind,event_year,event_date,peak_cases,duration_w,n_points,event_week,delta_e3_approach_basal,chaos_rate_seg,sA_rate,sB_rate,sD_rate,dt_base_active_frac,A3_hard_rate_basal,A3_hard_rate_approach,A3_hard_rate_seg,A3_soft_rate_basal,A3_soft_rate_approach,mean_Gamma3_b05,mean_Gamma3_approach_b05,mean_rho3_marg_b05,mean_rho3_marg_approach_b05,T_base_at_event,T_P1_at_event_b05,delta_T_legacy_b05,gain_mass_b05,lead_A3_hard_w,alarmed_A3_hard,lead_A3_soft_w,ews_excess3_lead_w,ews_excess3_alarmed,far_A3_hard_per_52w,n_A3_hard_alarms,delta_T_b0_should_be_0
SJ-O1-1994,sj,outbreak,1994,1994-10-15,461.0,40.0,41,231,-0.09816,1.0,1.0,0.1463,0.0,0.0,0.0,0.0,0.0,0.0,0.0,1.0941,1.1118,0.0724,0.0822,0.0,0.0,0.0,6.843,,0,,,0,0.0,0,0.0
SJ-O2-1998,sj,outbreak,1998,1998-08-06,329.0,40.0,41,430,-0.04447,0.9756,0.9756,0.0,0.0,0.1951,0.0,0.0,0.0,0.0,0.0,1.0703,1.0251,0.0587,0.0218,0.515,0.515,0.0,5.31,,0,,,0,0.0,0,0.0
SJ-O3-2007,sj,outbreak,2007,2007-10-01,170.0,40.0,41,906,0.05273,1.0,1.0,0.2439,0.1463,0.0,0.0714,0.2308,0.0976,0.0714,0.3846,1.217,1.3963,0.1446,0.2377,0.0,0.0,0.0,16.249,,0,4.0,4.0,1,1.3,1,0.0
SJ-C1-2002,sj,control,2002,2002-12-10,9.0,40.0,41,656,-0.09593,1.0,1.0,0.4634,0.2927,0.1463,0.0,0.3077,0.2439,0.0,0.5385,1.5617,1.6408,0.2727,0.3351,0.013,0.014,0.0006,42.347,19.0,1,20.0,20.0,1,2.6,2,0.0
SJ-C2-2003,sj,control,2003,2003-06-11,13.0,40.0,41,682,0.08687,1.0,1.0,0.3171,0.122,0.0,0.0,0.0,0.0976,0.0,0.0769,1.2994,1.1687,0.1803,0.127,0.0,0.0,0.0,24.551,23.0,1,23.0,25.0,1,2.6,2,0.0
IQ-O1-2004,iq,outbreak,2004,2004-12-09,116.0,40.0,41,231,-0.15547,0.878,0.878,0.3902,0.0732,0.2439,0.0,0.1538,0.0732,0.0,0.1538,1.2767,1.3868,0.1809,0.2324,3.52,4.76,1.2405,21.897,11.0,1,11.0,23.0,1,1.3,1,0.0
IQ-O2-2008,iq,outbreak,2008,2008-01-08,58.0,40.0,41,391,-0.2386,1.0,1.0,0.3902,0.2683,0.0,0.0,0.6154,0.2439,0.0,0.8462,1.539,2.3806,0.2539,0.5446,0.0,0.0,0.0,42.54,25.0,1,25.0,26.0,1,2.6,2,0.0
IQ-O3-2008,iq,outbreak,2008,2008-10-14,63.0,40.0,41,431,-0.28125,1.0,1.0,0.439,0.2683,0.0,0.0,0.6923,0.2195,0.0,0.6923,1.6084,2.3759,0.2898,0.5672,0.0,0.0,0.0,47.645,10.0,1,14.0,15.0,1,2.6,2,0.0
IQ-C1-2001,iq,control,2001,2001-04-23,0.0,40.0,29,42,-0.18525,1.0,1.0,0.3448,0.1034,0.2414,0.0,0.2308,0.1034,0.0,0.3077,1.3438,1.5337,0.1798,0.2403,0.006,0.006,0.0,17.333,2.0,1,3.0,4.0,1,1.3,1,0.0
IQ-C2-2001,iq,control,2001,2001-10-22,0.0,40.0,41,68,-0.10514,0.9512,0.9512,0.1463,0.0,0.0488,0.0,0.0,0.0,0.0,0.0,1.121,1.1557,0.0929,0.1164,0.5,0.5,0.0,9.926,,0,,4.0,1,0.0,0,0.0
